{"stats":{"minecraft:broken":{"minecraft:shield":1,"minecraft:stone_axe":1,"minecraft:bow":1},"minecraft:killed_by":{"minecraft:skeleton":1,"minecraft:zombie":1},"minecraft:mined":{"minecraft:white_bed":1,"minecraft:deepslate_diamond_ore":6,"minecraft:brewing_stand":1,"minecraft:grass_block":1,"minecraft:decorated_pot":4,"minecraft:sandstone":4,"minecraft:hay_block":103,"minecraft:furnace":1,"minecraft:waxed_copper_grate":2,"minecraft:chiseled_tuff":2,"minecraft:polished_deepslate":3,"minecraft:deepslate_iron_ore":14,"minecraft:polished_tuff_slab":1,"minecraft:stone":15,"minecraft:waxed_cut_copper":5,"minecraft:deepslate_redstone_ore":17,"minecraft:kelp_plant":1,"minecraft:oak_fence":16,"minecraft:crafting_table":6,"minecraft:short_grass":27,"minecraft:tall_grass":12,"minecraft:cobblestone":1,"minecraft:sugar_cane":14,"minecraft:oak_planks":12,"minecraft:birch_planks":3,"minecraft:birch_log":6,"minecraft:waxed_copper_block":1,"minecraft:yellow_bed":1,"minecraft:oak_log":4,"minecraft:gravel":5,"minecraft:dripstone_block":1,"minecraft:dirt":5,"minecraft:deepslate":17},"minecraft:dropped":{"minecraft:wheat_seeds":2,"minecraft:lapis_lazuli":4,"minecraft:glow_ink_sac":2,"minecraft:oak_fence":5,"minecraft:waxed_copper_grate":2,"minecraft:flint":3,"minecraft:gold_nugget":5,"minecraft:polished_deepslate":1,"minecraft:kelp":4,"minecraft:golden_chestplate":2,"minecraft:polished_tuff_slab":1,"minecraft:raw_iron":1,"minecraft:rotten_flesh":28,"minecraft:waxed_copper_block":1,"minecraft:poppy":2,"minecraft:golden_leggings":2,"minecraft:spider_eye":1,"minecraft:chiseled_tuff":1,"minecraft:wooden_pickaxe":1,"minecraft:stone_pickaxe":1},"minecraft:killed":{"minecraft:cave_spider":1,"minecraft:spider":5,"minecraft:skeleton":10,"minecraft:drowned":1,"minecraft:husk":10,"minecraft:zombie_villager":1,"minecraft:iron_golem":4,"minecraft:creeper":2,"minecraft:zombie":17},"minecraft:custom":{"minecraft:mob_kills":51,"minecraft:interact_with_crafting_table":27,"minecraft:open_barrel":3,"minecraft:leave_game":17,"minecraft:time_since_death":26536,"minecraft:climb_one_cm":144,"minecraft:sprint_one_cm":264415,"minecraft:walk_one_cm":83527,"minecraft:damage_blocked_by_shield":2811,"minecraft:drop":30,"minecraft:talked_to_villager":1,"minecraft:play_time":81349,"minecraft:deaths":2,"minecraft:sneak_time":5836,"minecraft:walk_under_water_one_cm":63527,"minecraft:boat_one_cm":128049,"minecraft:jump":1578,"minecraft:walk_on_water_one_cm":14807,"minecraft:total_world_time":81349,"minecraft:interact_with_furnace":11,"minecraft:sleep_in_bed":1,"minecraft:time_since_rest":6029,"minecraft:damage_taken":2018,"minecraft:damage_dealt":12514,"minecraft:fly_one_cm":288062,"minecraft:swim_one_cm":49865,"minecraft:open_chest":15,"minecraft:crouch_one_cm":10983,"minecraft:fall_one_cm":35416},"minecraft:crafted":{"minecraft:oak_planks":16,"minecraft:birch_boat":1,"minecraft:furnace":1,"minecraft:iron_boots":1,"minecraft:iron_axe":1,"minecraft:stone_pickaxe":1,"minecraft:wheat":189,"minecraft:crafting_table":2,"minecraft:wooden_pickaxe":1,"minecraft:bucket":1,"minecraft:birch_planks":24,"minecraft:stone_axe":1,"minecraft:bread":63,"minecraft:air":0,"minecraft:iron_chestplate":1,"minecraft:shield":1,"minecraft:stick":12,"minecraft:iron_ingot":13,"minecraft:iron_pickaxe":1,"minecraft:iron_leggings":1},"minecraft:used":{"minecraft:poppy":2,"minecraft:shield":39,"minecraft:iron_chestplate":1,"minecraft:dirt":4,"minecraft:waxed_copper_grate":2,"minecraft:waxed_cut_copper":5,"minecraft:iron_axe":144,"minecraft:bow":1,"minecraft:hay_block":17,"minecraft:furnace":1,"minecraft:cobbled_deepslate":7,"minecraft:water_bucket":19,"minecraft:birch_planks":3,"minecraft:stone_pickaxe":39,"minecraft:birch_boat":3,"minecraft:wooden_pickaxe":5,"minecraft:sandstone":4,"minecraft:crafting_table":7,"minecraft:white_bed":1,"minecraft:bread":34,"minecraft:iron_pickaxe":50,"minecraft:gravel":2,"minecraft:stone_axe":88,"minecraft:cobblestone":1,"minecraft:bucket":20,"minecraft:yellow_bed":1},"minecraft:picked_up":{"minecraft:crafting_table":8,"minecraft:iron_chestplate":2,"minecraft:wooden_pickaxe":1,"minecraft:potion":4,"minecraft:brewing_stand":1,"minecraft:shield":1,"minecraft:polished_deepslate":3,"minecraft:string":15,"minecraft:iron_axe":2,"minecraft:flint_and_steel":2,"minecraft:cobbled_deepslate":18,"minecraft:chiseled_tuff":1,"minecraft:poppy":4,"minecraft:iron_pickaxe":2,"minecraft:sugar_cane":47,"minecraft:furnace":3,"minecraft:stick":4,"minecraft:raw_iron":16,"minecraft:sandstone":4,"minecraft:oak_fence":29,"minecraft:waxed_copper_grate":6,"minecraft:redstone":203,"minecraft:golden_chestplate":3,"minecraft:arrow":54,"minecraft:rotten_flesh":42,"minecraft:decorated_pot":12,"minecraft:hay_block":200,"minecraft:gold_ingot":22,"minecraft:waxed_cut_copper":5,"minecraft:obsidian":6,"minecraft:cobblestone":16,"minecraft:birch_log":6,"minecraft:glow_ink_sac":6,"minecraft:water_bucket":1,"minecraft:golden_leggings":3,"minecraft:birch_planks":3,"minecraft:flint":4,"minecraft:oak_log":4,"minecraft:waxed_copper_block":1,"minecraft:yellow_bed":1,"minecraft:gunpowder":3,"minecraft:lapis_lazuli":4,"minecraft:dirt":4,"minecraft:bone":7,"minecraft:kelp":5,"minecraft:bow":1,"minecraft:wheat_seeds":2,"minecraft:rabbit_hide":12,"minecraft:polished_tuff_slab":1,"minecraft:iron_ingot":19,"minecraft:oak_planks":22,"minecraft:birch_boat":5,"minecraft:gravel":2,"minecraft:white_bed":1,"minecraft:spider_eye":2,"minecraft:diamond":18,"minecraft:golden_apple":1,"minecraft:bread":89}},"DataVersion":3953}