{"stats":{"minecraft:crafted":{"minecraft:crafting_table":1,"minecraft:stick":8,"minecraft:birch_boat":1,"minecraft:wooden_pickaxe":1,"minecraft:stone_pickaxe":1,"minecraft:furnace":1,"minecraft:birch_planks":24,"minecraft:stone_axe":1,"minecraft:bread":41,"minecraft:wheat":189},"minecraft:custom":{"minecraft:time_since_rest":27381,"minecraft:sprint_one_cm":41980,"minecraft:walk_one_cm":16933,"minecraft:mob_kills":1,"minecraft:damage_dealt":1000,"minecraft:swim_one_cm":201,"minecraft:interact_with_crafting_table":8,"minecraft:fly_one_cm":57167,"minecraft:open_chest":1,"minecraft:crouch_one_cm":2598,"minecraft:play_time":27381,"minecraft:sneak_time":1014,"minecraft:walk_under_water_one_cm":374,"minecraft:boat_one_cm":49386,"minecraft:jump":248,"minecraft:leave_game":7,"minecraft:time_since_death":27381,"minecraft:walk_on_water_one_cm":206,"minecraft:total_world_time":27381,"minecraft:climb_one_cm":144,"minecraft:fall_one_cm":6802},"minecraft:mined":{"minecraft:hay_block":62,"minecraft:birch_planks":3,"minecraft:white_bed":1,"minecraft:birch_log":6,"minecraft:yellow_bed":1,"minecraft:crafting_table":3,"minecraft:short_grass":7,"minecraft:grass_block":1,"minecraft:gravel":4,"minecraft:dirt":3,"minecraft:tall_grass":7,"minecraft:stone":14,"minecraft:sugar_cane":5},"minecraft:picked_up":{"minecraft:birch_log":6,"minecraft:crafting_table":3,"minecraft:birch_boat":2,"minecraft:birch_planks":3,"minecraft:gravel":2,"minecraft:flint":1,"minecraft:yellow_bed":1,"minecraft:white_bed":1,"minecraft:dirt":4,"minecraft:arrow":2,"minecraft:bone":1,"minecraft:kelp":1,"minecraft:hay_block":61,"minecraft:iron_ingot":4,"minecraft:sugar_cane":13,"minecraft:cobblestone":14},"minecraft:killed":{"minecraft:iron_golem":1},"minecraft:used":{"minecraft:birch_planks":3,"minecraft:bread":1,"minecraft:stone_pickaxe":10,"minecraft:wooden_pickaxe":5,"minecraft:birch_boat":2,"minecraft:gravel":2,"minecraft:stone_axe":24,"minecraft:dirt":4,"minecraft:hay_block":2,"minecraft:crafting_table":4,"minecraft:white_bed":1}},"DataVersion":3953}