{"stats":{"minecraft:broken":{"minecraft:shears":1,"minecraft:shield":1,"minecraft:stone_axe":1,"minecraft:bow":1},"minecraft:killed_by":{"minecraft:skeleton":1,"minecraft:zombie":1},"minecraft:mined":{"minecraft:deepslate_tiles":1,"minecraft:red_carpet":3,"minecraft:white_bed":1,"minecraft:mossy_cobblestone":4,"minecraft:deepslate_diamond_ore":6,"minecraft:brewing_stand":1,"minecraft:spruce_trapdoor":18,"minecraft:spruce_fence":2,"minecraft:grass_block":1,"minecraft:yellow_candle":1,"minecraft:decorated_pot":8,"minecraft:sandstone":4,"minecraft:hay_block":103,"minecraft:furnace":1,"minecraft:waxed_copper_grate":2,"minecraft:stripped_spruce_log":2,"minecraft:brown_bed":1,"minecraft:chiseled_tuff":3,"minecraft:polished_deepslate":4,"minecraft:deepslate_iron_ore":14,"minecraft:polished_tuff_slab":1,"minecraft:stripped_oak_log":1,"minecraft:stone":16,"minecraft:waxed_cut_copper":5,"minecraft:deepslate_redstone_ore":17,"minecraft:acacia_leaves":50,"minecraft:red_bed":2,"minecraft:red_wool":1,"minecraft:kelp_plant":1,"minecraft:stripped_dark_oak_log":4,"minecraft:oak_fence":16,"minecraft:crafting_table":8,"minecraft:short_grass":34,"minecraft:chest":1,"minecraft:white_stained_glass_pane":4,"minecraft:dead_bush":1,"minecraft:lectern":1,"minecraft:tall_grass":18,"minecraft:cobblestone":3,"minecraft:sugar_cane":14,"minecraft:oak_planks":12,"minecraft:spruce_stairs":1,"minecraft:birch_planks":3,"minecraft:birch_log":6,"minecraft:sweet_berry_bush":1,"minecraft:white_carpet":4,"minecraft:brown_wall_banner":1,"minecraft:waxed_copper_block":1,"minecraft:yellow_bed":1,"minecraft:oak_log":8,"minecraft:gravel":5,"minecraft:dripstone_block":1,"minecraft:dirt":5,"minecraft:fern":3,"minecraft:oak_leaves":184,"minecraft:deepslate":21},"minecraft:dropped":{"minecraft:bread":42,"minecraft:wheat_seeds":2,"minecraft:lapis_lazuli":9,"minecraft:glow_ink_sac":2,"minecraft:oak_fence":5,"minecraft:waxed_copper_grate":2,"minecraft:flint":3,"minecraft:gold_nugget":5,"minecraft:iron_axe":1,"minecraft:polished_deepslate":4,"minecraft:furnace":1,"minecraft:kelp":4,"minecraft:sweet_berries":2,"minecraft:golden_chestplate":2,"minecraft:polished_tuff_slab":1,"minecraft:raw_iron":1,"minecraft:rotten_flesh":32,"minecraft:waxed_copper_block":1,"minecraft:poppy":2,"minecraft:gunpowder":1,"minecraft:spruce_trapdoor":1,"minecraft:cake":1,"minecraft:golden_leggings":2,"minecraft:spider_eye":1,"minecraft:chiseled_tuff":1,"minecraft:wooden_pickaxe":1,"minecraft:stone_pickaxe":1,"minecraft:lectern":1,"minecraft:brick":8},"minecraft:killed":{"minecraft:cave_spider":1,"minecraft:spider":10,"minecraft:skeleton":17,"minecraft:drowned":1,"minecraft:husk":10,"minecraft:zombie_villager":1,"minecraft:iron_golem":4,"minecraft:creeper":2,"minecraft:zombie":17},"minecraft:custom":{"minecraft:inspect_dropper":1,"minecraft:mob_kills":63,"minecraft:interact_with_crafting_table":34,"minecraft:open_barrel":3,"minecraft:leave_game":20,"minecraft:time_since_death":70828,"minecraft:climb_one_cm":2251,"minecraft:sprint_one_cm":516594,"minecraft:walk_one_cm":172237,"minecraft:damage_blocked_by_shield":2946,"minecraft:drop":43,"minecraft:talked_to_villager":5,"minecraft:target_hit":1,"minecraft:play_time":125641,"minecraft:deaths":2,"minecraft:sneak_time":7388,"minecraft:walk_under_water_one_cm":75112,"minecraft:boat_one_cm":128049,"minecraft:interact_with_brewingstand":1,"minecraft:jump":2417,"minecraft:interact_with_blast_furnace":5,"minecraft:walk_on_water_one_cm":19322,"minecraft:total_world_time":125641,"minecraft:interact_with_furnace":13,"minecraft:sleep_in_bed":6,"minecraft:time_since_rest":6862,"minecraft:damage_taken":2348,"minecraft:damage_dealt":13914,"minecraft:swim_one_cm":65036,"minecraft:fly_one_cm":443903,"minecraft:open_chest":65,"minecraft:crouch_one_cm":14523,"minecraft:interact_with_smoker":1,"minecraft:fall_one_cm":59372,"minecraft:inspect_dispenser":1},"minecraft:crafted":{"minecraft:oak_planks":24,"minecraft:birch_boat":1,"minecraft:furnace":1,"minecraft:diamond_shovel":1,"minecraft:bow":1,"minecraft:iron_boots":1,"minecraft:iron_axe":1,"minecraft:stone_pickaxe":1,"minecraft:chest":2,"minecraft:wheat":189,"minecraft:diamond_axe":1,"minecraft:crafting_table":4,"minecraft:spruce_planks":8,"minecraft:wooden_pickaxe":1,"minecraft:bucket":1,"minecraft:birch_planks":24,"minecraft:stone_axe":1,"minecraft:bread":63,"minecraft:air":0,"minecraft:iron_chestplate":1,"minecraft:shield":2,"minecraft:stick":16,"minecraft:iron_ingot":13,"minecraft:iron_pickaxe":1,"minecraft:iron_leggings":1,"minecraft:shears":3},"minecraft:used":{"minecraft:flint_and_steel":1,"minecraft:poppy":2,"minecraft:chest":3,"minecraft:shield":42,"minecraft:iron_sword":4,"minecraft:trial_key":1,"minecraft:iron_chestplate":1,"minecraft:dirt":4,"minecraft:white_carpet":4,"minecraft:yellow_candle":1,"minecraft:waxed_copper_grate":2,"minecraft:spruce_fence":2,"minecraft:lava_bucket":1,"minecraft:waxed_cut_copper":5,"minecraft:iron_axe":150,"minecraft:red_carpet":2,"minecraft:bow":12,"minecraft:hay_block":17,"minecraft:furnace":1,"minecraft:cobbled_deepslate":7,"minecraft:water_bucket":26,"minecraft:birch_planks":3,"minecraft:stone_pickaxe":39,"minecraft:oak_planks":4,"minecraft:wooden_pickaxe":5,"minecraft:birch_boat":3,"minecraft:sandstone":4,"minecraft:diamond_axe":74,"minecraft:crafting_table":10,"minecraft:red_bed":1,"minecraft:white_bed":1,"minecraft:shears":234,"minecraft:oak_log":2,"minecraft:firework_rocket":1,"minecraft:bread":52,"minecraft:iron_pickaxe":64,"minecraft:spruce_trapdoor":10,"minecraft:gravel":2,"minecraft:stone_axe":88,"minecraft:cobblestone":1,"minecraft:bucket":30,"minecraft:yellow_bed":1,"minecraft:stripped_oak_log":1,"minecraft:tropical_fish_bucket":2},"minecraft:picked_up":{"minecraft:crafting_table":10,"minecraft:iron_chestplate":2,"minecraft:wooden_pickaxe":1,"minecraft:brown_bed":1,"minecraft:potion":4,"minecraft:yellow_candle":3,"minecraft:brewing_stand":1,"minecraft:shield":1,"minecraft:brick":8,"minecraft:polished_deepslate":4,"minecraft:red_bed":2,"minecraft:string":16,"minecraft:iron_axe":2,"minecraft:flint_and_steel":2,"minecraft:white_carpet":5,"minecraft:deepslate_tiles":1,"minecraft:cobbled_deepslate":18,"minecraft:trial_key":1,"minecraft:chiseled_tuff":1,"minecraft:poppy":4,"minecraft:iron_pickaxe":2,"minecraft:lectern":2,"minecraft:chest":1,"minecraft:sugar_cane":47,"minecraft:spruce_trapdoor":19,"minecraft:furnace":4,"minecraft:iron_boots":1,"minecraft:stick":4,"minecraft:raw_iron":16,"minecraft:sandstone":4,"minecraft:oak_fence":29,"minecraft:spruce_fence":2,"minecraft:spruce_stairs":1,"minecraft:cake":1,"minecraft:waxed_copper_grate":6,"minecraft:redstone":203,"minecraft:golden_chestplate":3,"minecraft:arrow":61,"minecraft:rotten_flesh":42,"minecraft:decorated_pot":12,"minecraft:hay_block":200,"minecraft:gold_ingot":23,"minecraft:waxed_cut_copper":5,"minecraft:obsidian":6,"minecraft:cobblestone":16,"minecraft:stripped_oak_log":1,"minecraft:birch_log":6,"minecraft:glow_ink_sac":6,"minecraft:water_bucket":1,"minecraft:acacia_leaves":50,"minecraft:fern":3,"minecraft:golden_leggings":3,"minecraft:birch_planks":3,"minecraft:flint":4,"minecraft:oak_log":8,"minecraft:waxed_copper_block":1,"minecraft:yellow_bed":1,"minecraft:gunpowder":3,"minecraft:lapis_lazuli":14,"minecraft:dirt":4,"minecraft:name_tag":2,"minecraft:red_carpet":4,"minecraft:bone":14,"minecraft:kelp":5,"minecraft:bow":3,"minecraft:wheat_seeds":2,"minecraft:rabbit_hide":12,"minecraft:polished_tuff_slab":1,"minecraft:iron_ingot":26,"minecraft:oak_planks":22,"minecraft:birch_boat":5,"minecraft:sweet_berries":2,"minecraft:red_wool":1,"minecraft:gravel":2,"minecraft:stripped_spruce_log":2,"minecraft:dead_bush":1,"minecraft:white_bed":1,"minecraft:spider_eye":2,"minecraft:diamond":18,"minecraft:short_grass":9,"minecraft:golden_apple":1,"minecraft:bread":131,"minecraft:brown_banner":1,"minecraft:oak_leaves":176}},"DataVersion":3953}