{"stats":{"minecraft:broken":{"minecraft:shears":3,"minecraft:shield":1,"minecraft:stone_axe":1,"minecraft:bow":1},"minecraft:killed_by":{"minecraft:skeleton":1,"minecraft:zombie":1},"minecraft:mined":{"minecraft:deepslate_tiles":1,"minecraft:red_carpet":3,"minecraft:white_bed":1,"minecraft:mossy_cobblestone":4,"minecraft:deepslate_diamond_ore":6,"minecraft:brewing_stand":1,"minecraft:spruce_trapdoor":18,"minecraft:yellow_candle":1,"minecraft:acacia_log":4,"minecraft:grass_block":1,"minecraft:spruce_fence":2,"minecraft:decorated_pot":8,"minecraft:sandstone":4,"minecraft:hay_block":103,"minecraft:furnace":1,"minecraft:waxed_copper_grate":2,"minecraft:stripped_spruce_log":2,"minecraft:peony":3,"minecraft:azure_bluet":3,"minecraft:brown_bed":1,"minecraft:chiseled_tuff":3,"minecraft:polished_deepslate":4,"minecraft:deepslate_iron_ore":14,"minecraft:polished_tuff_slab":1,"minecraft:stripped_oak_log":1,"minecraft:stone":16,"minecraft:waxed_cut_copper":5,"minecraft:deepslate_redstone_ore":17,"minecraft:acacia_leaves":97,"minecraft:red_wool":1,"minecraft:red_bed":2,"minecraft:kelp_plant":1,"minecraft:stripped_dark_oak_log":4,"minecraft:dandelion":2,"minecraft:oak_fence":16,"minecraft:crafting_table":8,"minecraft:short_grass":315,"minecraft:poppy":4,"minecraft:chest":1,"minecraft:rose_bush":1,"minecraft:white_stained_glass_pane":4,"minecraft:dead_bush":8,"minecraft:lectern":1,"minecraft:tall_grass":78,"minecraft:cobblestone":3,"minecraft:oak_planks":12,"minecraft:sugar_cane":14,"minecraft:spruce_stairs":1,"minecraft:birch_planks":3,"minecraft:birch_log":6,"minecraft:sweet_berry_bush":1,"minecraft:white_carpet":4,"minecraft:brown_wall_banner":1,"minecraft:waxed_copper_block":1,"minecraft:yellow_bed":1,"minecraft:oak_log":27,"minecraft:gravel":5,"minecraft:dirt":5,"minecraft:dripstone_block":1,"minecraft:oak_leaves":342,"minecraft:deepslate":21,"minecraft:fern":17},"minecraft:dropped":{"minecraft:bread":42,"minecraft:wheat_seeds":2,"minecraft:lapis_lazuli":9,"minecraft:glow_ink_sac":2,"minecraft:oak_fence":5,"minecraft:waxed_copper_grate":2,"minecraft:flint":3,"minecraft:gold_nugget":5,"minecraft:iron_axe":1,"minecraft:polished_deepslate":4,"minecraft:furnace":1,"minecraft:sweet_berries":2,"minecraft:kelp":4,"minecraft:golden_chestplate":2,"minecraft:polished_tuff_slab":1,"minecraft:raw_iron":1,"minecraft:rotten_flesh":32,"minecraft:waxed_copper_block":1,"minecraft:poppy":2,"minecraft:gunpowder":1,"minecraft:peony":1,"minecraft:spruce_trapdoor":1,"minecraft:cake":1,"minecraft:golden_leggings":2,"minecraft:spider_eye":1,"minecraft:chiseled_tuff":1,"minecraft:stone_pickaxe":1,"minecraft:wooden_pickaxe":1,"minecraft:lectern":1,"minecraft:brick":8},"minecraft:killed":{"minecraft:cave_spider":1,"minecraft:spider":10,"minecraft:skeleton":17,"minecraft:drowned":1,"minecraft:husk":10,"minecraft:zombie_villager":1,"minecraft:iron_golem":4,"minecraft:creeper":2,"minecraft:zombie":17},"minecraft:custom":{"minecraft:inspect_dropper":1,"minecraft:mob_kills":63,"minecraft:interact_with_crafting_table":35,"minecraft:open_barrel":3,"minecraft:leave_game":21,"minecraft:time_since_death":79421,"minecraft:climb_one_cm":2251,"minecraft:sprint_one_cm":603830,"minecraft:walk_one_cm":193671,"minecraft:damage_blocked_by_shield":2946,"minecraft:drop":44,"minecraft:target_hit":1,"minecraft:talked_to_villager":5,"minecraft:play_time":134234,"minecraft:sneak_time":7388,"minecraft:deaths":2,"minecraft:walk_under_water_one_cm":75112,"minecraft:boat_one_cm":128049,"minecraft:interact_with_brewingstand":1,"minecraft:jump":2554,"minecraft:interact_with_blast_furnace":5,"minecraft:walk_on_water_one_cm":19546,"minecraft:total_world_time":134234,"minecraft:interact_with_furnace":13,"minecraft:sleep_in_bed":7,"minecraft:time_since_rest":984,"minecraft:damage_taken":2428,"minecraft:damage_dealt":13914,"minecraft:swim_one_cm":65036,"minecraft:fly_one_cm":466589,"minecraft:open_chest":68,"minecraft:crouch_one_cm":14523,"minecraft:interact_with_smoker":1,"minecraft:fall_one_cm":63940,"minecraft:inspect_dispenser":1},"minecraft:crafted":{"minecraft:oak_planks":40,"minecraft:birch_boat":1,"minecraft:furnace":1,"minecraft:diamond_shovel":1,"minecraft:iron_boots":1,"minecraft:bow":1,"minecraft:iron_axe":1,"minecraft:stone_pickaxe":1,"minecraft:chest":4,"minecraft:wheat":189,"minecraft:diamond_axe":1,"minecraft:crafting_table":4,"minecraft:spruce_planks":8,"minecraft:wooden_pickaxe":1,"minecraft:bucket":1,"minecraft:birch_planks":24,"minecraft:stone_axe":1,"minecraft:bread":63,"minecraft:air":0,"minecraft:iron_chestplate":1,"minecraft:shield":2,"minecraft:stick":16,"minecraft:iron_ingot":13,"minecraft:iron_pickaxe":1,"minecraft:iron_leggings":1,"minecraft:shears":3},"minecraft:used":{"minecraft:flint_and_steel":1,"minecraft:poppy":2,"minecraft:chest":5,"minecraft:iron_sword":4,"minecraft:shield":42,"minecraft:trial_key":1,"minecraft:iron_chestplate":1,"minecraft:dirt":4,"minecraft:white_carpet":4,"minecraft:yellow_candle":1,"minecraft:waxed_copper_grate":2,"minecraft:spruce_fence":2,"minecraft:lava_bucket":1,"minecraft:waxed_cut_copper":5,"minecraft:iron_axe":150,"minecraft:red_carpet":2,"minecraft:bow":12,"minecraft:hay_block":17,"minecraft:furnace":1,"minecraft:cobbled_deepslate":7,"minecraft:water_bucket":27,"minecraft:birch_planks":3,"minecraft:stone_pickaxe":39,"minecraft:sandstone":4,"minecraft:oak_planks":4,"minecraft:wooden_pickaxe":5,"minecraft:birch_boat":3,"minecraft:diamond_axe":161,"minecraft:crafting_table":11,"minecraft:red_bed":1,"minecraft:white_bed":1,"minecraft:shears":652,"minecraft:oak_log":2,"minecraft:firework_rocket":1,"minecraft:bread":55,"minecraft:iron_pickaxe":64,"minecraft:spruce_trapdoor":10,"minecraft:gravel":2,"minecraft:stone_axe":88,"minecraft:cobblestone":1,"minecraft:bucket":31,"minecraft:yellow_bed":1,"minecraft:stripped_oak_log":1,"minecraft:tropical_fish_bucket":2},"minecraft:picked_up":{"minecraft:crafting_table":10,"minecraft:iron_chestplate":2,"minecraft:azure_bluet":3,"minecraft:wooden_pickaxe":1,"minecraft:brown_bed":1,"minecraft:potion":4,"minecraft:brewing_stand":1,"minecraft:yellow_candle":3,"minecraft:shield":1,"minecraft:brick":8,"minecraft:polished_deepslate":4,"minecraft:string":16,"minecraft:red_bed":2,"minecraft:iron_axe":2,"minecraft:flint_and_steel":2,"minecraft:white_carpet":5,"minecraft:deepslate_tiles":1,"minecraft:cobbled_deepslate":18,"minecraft:trial_key":1,"minecraft:rose_bush":1,"minecraft:chiseled_tuff":1,"minecraft:poppy":8,"minecraft:iron_pickaxe":2,"minecraft:lectern":2,"minecraft:sugar_cane":47,"minecraft:chest":1,"minecraft:spruce_trapdoor":19,"minecraft:furnace":4,"minecraft:iron_boots":1,"minecraft:stick":7,"minecraft:raw_iron":16,"minecraft:sandstone":4,"minecraft:oak_fence":29,"minecraft:acacia_log":4,"minecraft:spruce_stairs":1,"minecraft:spruce_fence":2,"minecraft:cake":1,"minecraft:waxed_copper_grate":6,"minecraft:redstone":203,"minecraft:golden_chestplate":3,"minecraft:arrow":61,"minecraft:rotten_flesh":42,"minecraft:decorated_pot":12,"minecraft:peony":4,"minecraft:hay_block":200,"minecraft:gold_ingot":23,"minecraft:waxed_cut_copper":5,"minecraft:obsidian":6,"minecraft:cobblestone":16,"minecraft:stripped_oak_log":1,"minecraft:birch_log":6,"minecraft:glow_ink_sac":6,"minecraft:water_bucket":1,"minecraft:fern":11,"minecraft:acacia_leaves":97,"minecraft:golden_leggings":3,"minecraft:birch_planks":3,"minecraft:flint":4,"minecraft:oak_log":27,"minecraft:waxed_copper_block":1,"minecraft:yellow_bed":1,"minecraft:gunpowder":3,"minecraft:lapis_lazuli":14,"minecraft:dirt":4,"minecraft:name_tag":2,"minecraft:red_carpet":4,"minecraft:bone":14,"minecraft:kelp":5,"minecraft:bow":3,"minecraft:wheat_seeds":12,"minecraft:rabbit_hide":12,"minecraft:polished_tuff_slab":1,"minecraft:iron_ingot":26,"minecraft:oak_planks":22,"minecraft:birch_boat":5,"minecraft:sweet_berries":2,"minecraft:red_wool":1,"minecraft:dandelion":3,"minecraft:gravel":2,"minecraft:stripped_spruce_log":2,"minecraft:white_bed":1,"minecraft:dead_bush":4,"minecraft:spider_eye":2,"minecraft:diamond":18,"minecraft:short_grass":304,"minecraft:golden_apple":1,"minecraft:bread":131,"minecraft:brown_banner":1,"minecraft:oak_leaves":323}},"DataVersion":3953}