{"stats":{"minecraft:broken":{"minecraft:shears":3,"minecraft:shield":1,"minecraft:stone_axe":1,"minecraft:bow":1},"minecraft:killed_by":{"minecraft:skeleton":1,"minecraft:zombie":1},"minecraft:mined":{"minecraft:deepslate_tiles":1,"minecraft:red_carpet":3,"minecraft:white_bed":1,"minecraft:mossy_cobblestone":4,"minecraft:deepslate_diamond_ore":6,"minecraft:brewing_stand":1,"minecraft:spruce_trapdoor":18,"minecraft:yellow_candle":1,"minecraft:acacia_log":6,"minecraft:grass_block":58,"minecraft:spruce_fence":2,"minecraft:decorated_pot":12,"minecraft:calibrated_sculk_sensor":1,"minecraft:moss_block":1,"minecraft:sandstone":4,"minecraft:hay_block":115,"minecraft:furnace":1,"minecraft:waxed_copper_grate":2,"minecraft:polished_tuff":1,"minecraft:stripped_spruce_log":2,"minecraft:peony":3,"minecraft:azure_bluet":3,"minecraft:brown_bed":1,"minecraft:chiseled_tuff":4,"minecraft:polished_deepslate":4,"minecraft:vine":1,"minecraft:deepslate_iron_ore":14,"minecraft:polished_tuff_slab":1,"minecraft:stripped_oak_log":1,"minecraft:stone":55,"minecraft:waxed_cut_copper":5,"minecraft:deepslate_redstone_ore":17,"minecraft:acacia_leaves":125,"minecraft:red_wool":1,"minecraft:red_bed":2,"minecraft:kelp_plant":1,"minecraft:basalt":1,"minecraft:stripped_dark_oak_log":4,"minecraft:dandelion":2,"minecraft:oak_fence":16,"minecraft:crafting_table":9,"minecraft:short_grass":327,"minecraft:poppy":4,"minecraft:chest":3,"minecraft:rose_bush":1,"minecraft:white_stained_glass_pane":18,"minecraft:dead_bush":9,"minecraft:lectern":1,"minecraft:tall_grass":98,"minecraft:cobblestone":3,"minecraft:damaged_anvil":1,"minecraft:oak_planks":12,"minecraft:sugar_cane":14,"minecraft:spruce_stairs":1,"minecraft:birch_planks":3,"minecraft:birch_log":6,"minecraft:sweet_berry_bush":1,"minecraft:white_carpet":4,"minecraft:brown_wall_banner":1,"minecraft:waxed_copper_block":1,"minecraft:yellow_bed":1,"minecraft:oak_log":30,"minecraft:gravel":5,"minecraft:dirt":29,"minecraft:dripstone_block":1,"minecraft:oak_leaves":375,"minecraft:deepslate":39,"minecraft:fern":17},"minecraft:dropped":{"minecraft:bread":42,"minecraft:wheat_seeds":2,"minecraft:lapis_lazuli":9,"minecraft:glow_ink_sac":2,"minecraft:oak_fence":5,"minecraft:waxed_copper_grate":2,"minecraft:flint":3,"minecraft:gold_nugget":5,"minecraft:iron_axe":1,"minecraft:tripwire_hook":1,"minecraft:polished_deepslate":4,"minecraft:furnace":1,"minecraft:sweet_berries":2,"minecraft:kelp":4,"minecraft:golden_chestplate":2,"minecraft:polished_tuff_slab":1,"minecraft:raw_iron":1,"minecraft:rotten_flesh":32,"minecraft:waxed_copper_block":1,"minecraft:poppy":2,"minecraft:gunpowder":1,"minecraft:peony":1,"minecraft:spruce_trapdoor":1,"minecraft:cake":1,"minecraft:golden_leggings":2,"minecraft:spider_eye":1,"minecraft:chiseled_tuff":1,"minecraft:stone_pickaxe":1,"minecraft:wooden_pickaxe":1,"minecraft:lectern":1,"minecraft:brick":8},"minecraft:killed":{"minecraft:cave_spider":1,"minecraft:spider":10,"minecraft:skeleton":17,"minecraft:drowned":1,"minecraft:husk":10,"minecraft:zombie_villager":1,"minecraft:iron_golem":4,"minecraft:creeper":2,"minecraft:zombie":18,"minecraft:breeze":2},"minecraft:custom":{"minecraft:inspect_dropper":1,"minecraft:mob_kills":66,"minecraft:interact_with_crafting_table":40,"minecraft:open_barrel":9,"minecraft:leave_game":22,"minecraft:time_since_death":105827,"minecraft:climb_one_cm":2697,"minecraft:sprint_one_cm":744674,"minecraft:walk_one_cm":240896,"minecraft:damage_blocked_by_shield":2946,"minecraft:drop":45,"minecraft:target_hit":1,"minecraft:talked_to_villager":5,"minecraft:play_time":160640,"minecraft:sneak_time":9030,"minecraft:deaths":2,"minecraft:walk_under_water_one_cm":78218,"minecraft:boat_one_cm":128049,"minecraft:interact_with_brewingstand":1,"minecraft:jump":3095,"minecraft:interact_with_blast_furnace":5,"minecraft:walk_on_water_one_cm":19952,"minecraft:total_world_time":160640,"minecraft:interact_with_furnace":13,"minecraft:sleep_in_bed":8,"minecraft:time_since_rest":14954,"minecraft:damage_taken":2572,"minecraft:damage_dealt":14614,"minecraft:swim_one_cm":97062,"minecraft:fly_one_cm":583472,"minecraft:open_chest":98,"minecraft:crouch_one_cm":18785,"minecraft:interact_with_smoker":2,"minecraft:fall_one_cm":82302,"minecraft:inspect_dispenser":1},"minecraft:crafted":{"minecraft:oak_planks":104,"minecraft:birch_boat":1,"minecraft:wind_charge":16,"minecraft:furnace":1,"minecraft:diamond_shovel":1,"minecraft:iron_boots":1,"minecraft:bow":1,"minecraft:iron_axe":1,"minecraft:stone_pickaxe":1,"minecraft:chest":12,"minecraft:wheat":189,"minecraft:diamond_axe":1,"minecraft:crafting_table":5,"minecraft:spruce_planks":8,"minecraft:wooden_pickaxe":1,"minecraft:bucket":1,"minecraft:birch_planks":24,"minecraft:stone_axe":1,"minecraft:bread":63,"minecraft:air":0,"minecraft:iron_chestplate":1,"minecraft:shield":2,"minecraft:stick":16,"minecraft:iron_ingot":13,"minecraft:iron_pickaxe":1,"minecraft:iron_leggings":1,"minecraft:acacia_planks":24,"minecraft:shears":4},"minecraft:used":{"minecraft:flint_and_steel":1,"minecraft:chiseled_tuff":1,"minecraft:poppy":2,"minecraft:chest":15,"minecraft:iron_sword":6,"minecraft:shield":42,"minecraft:trial_key":1,"minecraft:iron_chestplate":1,"minecraft:dirt":69,"minecraft:white_carpet":4,"minecraft:yellow_candle":1,"minecraft:waxed_copper_grate":2,"minecraft:spruce_fence":2,"minecraft:lava_bucket":1,"minecraft:waxed_cut_copper":5,"minecraft:iron_axe":150,"minecraft:red_carpet":2,"minecraft:bow":12,"minecraft:hay_block":17,"minecraft:furnace":1,"minecraft:cobbled_deepslate":10,"minecraft:water_bucket":29,"minecraft:damaged_anvil":1,"minecraft:birch_planks":3,"minecraft:stone_pickaxe":39,"minecraft:sandstone":4,"minecraft:oak_planks":18,"minecraft:wooden_pickaxe":5,"minecraft:birch_boat":3,"minecraft:diamond_axe":189,"minecraft:crafting_table":12,"minecraft:red_bed":1,"minecraft:white_bed":1,"minecraft:painting":53,"minecraft:shears":719,"minecraft:polished_tuff":1,"minecraft:oak_log":2,"minecraft:diamond_pickaxe":63,"minecraft:firework_rocket":1,"minecraft:diamond_shovel":90,"minecraft:wind_charge":1,"minecraft:bread":63,"minecraft:iron_pickaxe":64,"minecraft:spruce_trapdoor":10,"minecraft:gravel":2,"minecraft:stone_axe":88,"minecraft:cobblestone":1,"minecraft:bucket":33,"minecraft:yellow_bed":1,"minecraft:stripped_oak_log":1,"minecraft:tropical_fish_bucket":2},"minecraft:picked_up":{"minecraft:crafting_table":11,"minecraft:iron_chestplate":2,"minecraft:azure_bluet":3,"minecraft:wooden_pickaxe":1,"minecraft:brown_bed":1,"minecraft:potion":5,"minecraft:brewing_stand":1,"minecraft:yellow_candle":5,"minecraft:shield":1,"minecraft:brick":24,"minecraft:polished_deepslate":4,"minecraft:string":16,"minecraft:red_bed":2,"minecraft:iron_axe":2,"minecraft:flint_and_steel":2,"minecraft:white_carpet":6,"minecraft:deepslate_tiles":1,"minecraft:cobbled_deepslate":36,"minecraft:trial_key":1,"minecraft:rose_bush":1,"minecraft:chiseled_tuff":2,"minecraft:poppy":8,"minecraft:iron_pickaxe":2,"minecraft:lectern":2,"minecraft:sugar_cane":47,"minecraft:chest":3,"minecraft:spruce_trapdoor":19,"minecraft:furnace":4,"minecraft:iron_boots":1,"minecraft:stick":7,"minecraft:raw_iron":16,"minecraft:sandstone":4,"minecraft:oak_fence":29,"minecraft:acacia_log":6,"minecraft:spruce_stairs":1,"minecraft:spruce_fence":2,"minecraft:cake":1,"minecraft:waxed_copper_grate":6,"minecraft:redstone":203,"minecraft:golden_chestplate":3,"minecraft:arrow":62,"minecraft:rotten_flesh":42,"minecraft:decorated_pot":12,"minecraft:peony":4,"minecraft:hay_block":212,"minecraft:gold_ingot":23,"minecraft:waxed_cut_copper":5,"minecraft:obsidian":6,"minecraft:cobblestone":55,"minecraft:stripped_oak_log":1,"minecraft:birch_log":6,"minecraft:basalt":1,"minecraft:glow_ink_sac":6,"minecraft:water_bucket":1,"minecraft:fern":11,"minecraft:acacia_leaves":125,"minecraft:golden_leggings":3,"minecraft:birch_planks":3,"minecraft:flint":4,"minecraft:oak_log":30,"minecraft:waxed_copper_block":1,"minecraft:yellow_bed":1,"minecraft:gunpowder":3,"minecraft:lapis_lazuli":19,"minecraft:dirt":85,"minecraft:name_tag":2,"minecraft:red_carpet":6,"minecraft:bone":14,"minecraft:kelp":5,"minecraft:bow":3,"minecraft:wheat_seeds":12,"minecraft:rabbit_hide":12,"minecraft:polished_tuff_slab":1,"minecraft:iron_ingot":26,"minecraft:oak_planks":22,"minecraft:birch_boat":5,"minecraft:sweet_berries":2,"minecraft:red_wool":2,"minecraft:dandelion":3,"minecraft:gravel":2,"minecraft:stripped_spruce_log":2,"minecraft:white_bed":1,"minecraft:dead_bush":5,"minecraft:polished_tuff":1,"minecraft:spider_eye":2,"minecraft:diamond":18,"minecraft:short_grass":329,"minecraft:breeze_rod":4,"minecraft:painting":52,"minecraft:golden_apple":1,"minecraft:bread":131,"minecraft:damaged_anvil":1,"minecraft:brown_banner":1,"minecraft:oak_leaves":356,"minecraft:ender_pearl":1}},"DataVersion":3953}